<?xml version="1.0" encoding="UTF-8"?>
<con:config xmlns:con="http://www.sourceid.org/2004/05/config">
    <con:item name="SigningKeyPairAlias">v8m5h9qrw85dgmndgv47k76xz</con:item>
    <con:item name="MetadataUploadPending">false</con:item>
    <con:item name="ProvisioningUsername">prov-h706pIipK0</con:item>
    <con:item name="EncryptedProvisioningPassword">OBF:JWE:eyJhbGciOiJkaXIiLCJlbmMiOiJBMTI4Q0JDLUhTMjU2Iiwia2lkIjoiRW1JY1UxOVdueSIsInZlcnNpb24iOiI5LjMuMi4xIn0..n9E-EQLk_1dLyFVB7BjObw.tpRJrqoweLlTRtkCv-IdGK8ZypJ_Pj1MkzPqygXgI6E.Mnm-tWgVluYBqGnsZ01KUg</con:item>
</con:config>